global_node_id,side_node_id,side,source_touch,grid_row,grid_col,flat_index,visual_x,visual_y,section
0,0,left,touch_0,3,13,109,-6.112152000000002,7.780984999999999,0
1,1,left,touch_0,3,14,110,-5.69413511111111,7.780984999999999,0
2,2,left,touch_0,3,15,111,-5.276118222222225,7.780984999999999,0
3,3,left,touch_0,3,16,112,-4.858101333333332,7.780984999999999,0
4,4,left,touch_0,3,17,113,-4.440084444444445,7.780984999999999,0
5,5,left,touch_0,3,18,114,-4.022067555555556,7.780984999999999,0
6,6,left,touch_0,3,19,115,-3.6040506666666663,7.780984999999999,0
7,7,left,touch_0,3,20,116,-3.186033777777778,7.780984999999999,0
8,8,left,touch_0,3,21,117,-2.768016888888888,7.780984999999999,0
9,9,left,touch_0,3,22,118,-2.349999999999999,7.780984999999999,0
10,10,left,touch_0,4,13,141,-6.6933245,6.876859,0
11,11,left,touch_0,4,14,142,-6.157814277777778,6.876859,0
12,12,left,touch_0,4,15,143,-5.622304055555557,6.876859,0
13,13,left,touch_0,4,16,144,-5.086793833333332,6.876859,0
14,14,left,touch_0,4,17,145,-4.551283611111111,6.876859,0
15,15,left,touch_0,4,18,146,-4.015773388888889,6.876859,0
16,16,left,touch_0,4,19,147,-3.4802631666666657,6.876859,0
17,17,left,touch_0,4,20,148,-2.9447529444444442,6.876859,0
18,18,left,touch_0,4,21,149,-2.4092427222222215,6.876859,0
19,19,left,touch_0,4,22,150,-1.8737325,6.876859,0
20,20,left,touch_0,5,13,173,-7.274496999999999,5.972733,1
21,21,left,touch_0,5,14,174,-6.621493444444445,5.972733,1
22,22,left,touch_0,5,15,175,-5.968489888888889,5.972733,1
23,23,left,touch_0,5,16,176,-5.315486333333334,5.972733,1
24,24,left,touch_0,5,17,177,-4.662482777777779,5.972733,1
25,25,left,touch_0,5,18,178,-4.009479222222222,5.972733,1
26,26,left,touch_0,5,19,179,-3.3564756666666673,5.972733,1
27,27,left,touch_0,5,20,180,-2.703472111111111,5.972733,1
28,28,left,touch_0,5,21,181,-2.0504685555555566,5.972733,1
29,29,left,touch_0,5,22,182,-1.3974650000000004,5.972733,1
30,30,left,touch_0,6,13,205,-7.449217,5.174721,1
31,31,left,touch_0,6,14,206,-6.754479222222223,5.174721,1
32,32,left,touch_0,6,15,207,-6.059741444444445,5.174721,1
33,33,left,touch_0,6,16,208,-5.365003666666667,5.174721,1
34,34,left,touch_0,6,17,209,-4.670265888888889,5.174721,1
35,35,left,touch_0,6,18,210,-3.975528111111111,5.174721,1
36,36,left,touch_0,6,19,211,-3.280790333333335,5.174721,1
37,37,left,touch_0,6,20,212,-2.586052555555556,5.174721,1
38,38,left,touch_0,6,21,213,-1.8913147777777788,5.174721,1
39,39,left,touch_0,6,22,214,-1.196577,5.174721,1
40,40,left,touch_0,7,13,237,-7.623937,4.376708999999999,1
41,41,left,touch_0,7,14,238,-6.8874650000000015,4.376708999999999,1
42,42,left,touch_0,7,15,239,-6.150993,4.376708999999999,1
43,43,left,touch_0,7,16,240,-5.414521000000001,4.376708999999999,1
44,44,left,touch_0,7,17,241,-4.678049,4.376708999999999,1
45,45,left,touch_0,7,18,242,-3.941577,4.376708999999999,1
46,46,left,touch_0,7,19,243,-3.2051050000000014,4.376708999999999,1
47,47,left,touch_0,7,20,244,-2.4686329999999996,4.376708999999999,1
48,48,left,touch_0,7,21,245,-1.7321610000000005,4.376708999999999,1
49,49,left,touch_0,7,22,246,-0.9956889999999994,4.376708999999999,1
50,50,left,touch_0,8,14,270,-7.798656999999999,3.578697,2
51,51,left,touch_0,8,15,271,-6.923175,3.578697,2
52,52,left,touch_0,8,16,272,-6.047693000000001,3.578697,2
53,53,left,touch_0,8,17,273,-5.172211,3.578697,2
54,54,left,touch_0,8,18,274,-4.296729,3.578697,2
55,55,left,touch_0,8,19,275,-3.4212469999999993,3.578697,2
56,56,left,touch_0,8,20,276,-2.5457649999999994,3.578697,2
57,57,left,touch_0,8,21,277,-1.6702829999999995,3.578697,2
58,58,left,touch_0,8,22,278,-0.7948009999999995,3.578697,2
59,59,left,touch_0,9,14,302,-7.718992749999999,2.86402275,2
60,60,left,touch_0,9,15,303,-6.861443749999999,2.86402275,2
61,61,left,touch_0,9,16,304,-6.003894750000001,2.86402275,2
62,62,left,touch_0,9,17,305,-5.146345749999999,2.86402275,2
63,63,left,touch_0,9,18,306,-4.2887967499999995,2.86402275,2
64,64,left,touch_0,9,19,307,-3.4312477499999994,2.86402275,2
65,65,left,touch_0,9,20,308,-2.5736987499999993,2.86402275,2
66,66,left,touch_0,9,21,309,-1.7161497499999994,2.86402275,2
67,67,left,touch_0,9,22,310,-0.8586007499999995,2.86402275,2
68,68,left,touch_0,10,14,334,-7.6393285,2.1493485000000003,2
69,69,left,touch_0,10,15,335,-6.799712500000001,2.1493485000000003,2
70,70,left,touch_0,10,16,336,-5.960096500000001,2.1493485000000003,2
71,71,left,touch_0,10,17,337,-5.1204805,2.1493485000000003,2
72,72,left,touch_0,10,18,338,-4.280864500000001,2.1493485000000003,2
73,73,left,touch_0,10,19,339,-3.4412485,2.1493485000000003,2
74,74,left,touch_0,10,20,340,-2.6016324999999996,2.1493485000000003,2
75,75,left,touch_0,10,21,341,-1.7620164999999994,2.1493485000000003,2
76,76,left,touch_0,10,22,342,-0.9224004999999997,2.1493485000000003,2
77,77,left,touch_0,11,14,366,-7.559664249999999,1.4346742499999996,2
78,78,left,touch_0,11,15,367,-6.737981249999999,1.4346742499999996,2
79,79,left,touch_0,11,16,368,-5.91629825,1.4346742499999996,2
80,80,left,touch_0,11,17,369,-5.0946152499999995,1.4346742499999996,2
81,81,left,touch_0,11,18,370,-4.27293225,1.4346742499999996,2
82,82,left,touch_0,11,19,371,-3.4512492499999987,1.4346742499999996,2
83,83,left,touch_0,11,20,372,-2.6295662499999994,1.4346742499999996,2
84,84,left,touch_0,11,21,373,-1.8078832499999995,1.4346742499999996,2
85,85,left,touch_0,11,22,374,-0.9862002499999998,1.4346742499999996,2
86,86,left,touch_0,12,14,398,-7.480000000000001,0.72,3
87,87,left,touch_0,12,15,399,-6.6762500000000005,0.72,3
88,88,left,touch_0,12,16,400,-5.872500000000001,0.72,3
89,89,left,touch_0,12,17,401,-5.0687500000000005,0.72,3
90,90,left,touch_0,12,18,402,-4.265000000000001,0.72,3
91,91,left,touch_0,12,19,403,-3.4612500000000006,0.72,3
92,92,left,touch_0,12,20,404,-2.6574999999999998,0.72,3
93,93,left,touch_0,12,21,405,-1.8537500000000002,0.72,3
94,94,left,touch_0,12,22,406,-1.0499999999999998,0.72,3
95,95,left,touch_0,13,14,430,-7.419181285714286,0.028991142857142882,3
96,96,left,touch_0,13,15,431,-6.628191803571429,0.028991142857142882,3
97,97,left,touch_0,13,16,432,-5.837202321428571,0.028991142857142882,3
98,98,left,touch_0,13,17,433,-5.046212839285714,0.028991142857142882,3
99,99,left,touch_0,13,18,434,-4.255223357142858,0.028991142857142882,3
100,100,left,touch_0,13,19,435,-3.464233875,0.028991142857142882,3
101,101,left,touch_0,13,20,436,-2.6732443928571423,0.028991142857142882,3
102,102,left,touch_0,13,21,437,-1.8822549107142859,0.028991142857142882,3
103,103,left,touch_0,13,22,438,-1.0912654285714287,0.028991142857142882,3
104,104,left,touch_0,14,14,462,-7.358362571428572,-0.6620177142857141,3
105,105,left,touch_0,14,15,463,-6.580133607142858,-0.6620177142857141,3
106,106,left,touch_0,14,16,464,-5.801904642857143,-0.6620177142857141,3
107,107,left,touch_0,14,17,465,-5.02367567857143,-0.6620177142857141,3
108,108,left,touch_0,14,18,466,-4.245446714285714,-0.6620177142857141,3
109,109,left,touch_0,14,19,467,-3.46721775,-0.6620177142857141,3
110,110,left,touch_0,14,20,468,-2.6889887857142853,-0.6620177142857141,3
111,111,left,touch_0,14,21,469,-1.9107598214285717,-0.6620177142857141,3
112,112,left,touch_0,14,22,470,-1.1325308571428572,-0.6620177142857141,3
113,113,left,touch_0,15,14,494,-7.297543857142857,-1.3530265714285712,3
114,114,left,touch_0,15,15,495,-6.532075410714286,-1.3530265714285712,3
115,115,left,touch_0,15,16,496,-5.766606964285715,-1.3530265714285712,3
116,116,left,touch_0,15,17,497,-5.001138517857143,-1.3530265714285712,3
117,117,left,touch_0,15,18,498,-4.235670071428571,-1.3530265714285712,3
118,118,left,touch_0,15,19,499,-3.4702016250000005,-1.3530265714285712,3
119,119,left,touch_0,15,20,500,-2.7047331785714284,-1.3530265714285712,3
120,120,left,touch_0,15,21,501,-1.9392647321428576,-1.3530265714285712,3
121,121,left,touch_0,15,22,502,-1.1737962857142858,-1.3530265714285712,3
122,122,left,touch_0,16,14,526,-7.236725142857144,-2.044035428571428,3
123,123,left,touch_0,16,15,527,-6.484017214285713,-2.044035428571428,3
124,124,left,touch_0,16,16,528,-5.7313092857142856,-2.044035428571428,3
125,125,left,touch_0,16,17,529,-4.978601357142857,-2.044035428571428,3
126,126,left,touch_0,16,18,530,-4.225893428571428,-2.044035428571428,3
127,127,left,touch_0,16,19,531,-3.4731855,-2.044035428571428,3
128,128,left,touch_0,16,20,532,-2.7204775714285714,-2.044035428571428,3
129,129,left,touch_0,16,21,533,-1.9677696428571432,-2.044035428571428,3
130,130,left,touch_0,16,22,534,-1.2150617142857143,-2.044035428571428,3
131,131,left,touch_0,17,14,558,-7.1759064285714285,-2.7350442857142854,3
132,132,left,touch_0,17,15,559,-6.435959017857143,-2.7350442857142854,3
133,133,left,touch_0,17,16,560,-5.696011607142857,-2.7350442857142854,3
134,134,left,touch_0,17,17,561,-4.956064196428572,-2.7350442857142854,3
135,135,left,touch_0,17,18,562,-4.216116785714286,-2.7350442857142854,3
136,136,left,touch_0,17,19,563,-3.4761693750000004,-2.7350442857142854,3
137,137,left,touch_0,17,20,564,-2.7362219642857144,-2.7350442857142854,3
138,138,left,touch_0,17,21,565,-1.9962745535714292,-2.7350442857142854,3
139,139,left,touch_0,17,22,566,-1.256327142857143,-2.7350442857142854,3
140,140,left,touch_0,18,14,590,-7.115087714285715,-3.4260531428571426,3
141,141,left,touch_0,18,15,591,-6.3879008214285715,-3.4260531428571426,3
142,142,left,touch_0,18,16,592,-5.660713928571429,-3.4260531428571426,3
143,143,left,touch_0,18,17,593,-4.933527035714286,-3.4260531428571426,3
144,144,left,touch_0,18,18,594,-4.206340142857143,-3.4260531428571426,3
145,145,left,touch_0,18,19,595,-3.479153250000001,-3.4260531428571426,3
146,146,left,touch_0,18,20,596,-2.7519663571428565,-3.4260531428571426,3
147,147,left,touch_0,18,21,597,-2.024779464285715,-3.4260531428571426,3
148,148,left,touch_0,18,22,598,-1.2975925714285714,-3.4260531428571426,3
149,149,left,touch_0,19,15,623,-7.054268999999999,-4.117062,4
150,150,left,touch_0,19,16,624,-6.237781714285714,-4.117062000000001,4
151,151,left,touch_0,19,17,625,-5.421294428571429,-4.117062,4
152,152,left,touch_0,19,18,626,-4.604807142857142,-4.117062,4
153,153,left,touch_0,19,19,627,-3.7883198571428576,-4.117062,4
154,154,left,touch_0,19,20,628,-2.9718325714285716,-4.117062,4
155,155,left,touch_0,19,21,629,-2.1553452857142856,-4.117062000000001,4
156,156,left,touch_0,19,22,630,-1.3388580000000003,-4.117062,4
157,157,left,touch_0,20,15,655,-6.986890833333334,-4.873218333333333,4
158,158,left,touch_0,20,16,656,-6.184437142857142,-4.8685278571428565,4
159,159,left,touch_0,20,17,657,-5.381983452380953,-4.863837380952381,4
160,160,left,touch_0,20,18,658,-4.579529761904761,-4.859146904761904,4
161,161,left,touch_0,20,19,659,-3.777076071428572,-4.854456428571428,4
162,162,left,touch_0,20,20,660,-2.9746223809523804,-4.8497659523809515,4
163,163,left,touch_0,20,21,661,-2.1721686904761905,-4.845075476190476,4
164,164,left,touch_0,20,22,662,-1.3697150000000002,-4.8403849999999995,4
165,165,left,touch_0,21,15,687,-6.919512666666666,-5.629374666666665,4
166,166,left,touch_0,21,16,688,-6.131092571428571,-5.619993714285713,4
167,167,left,touch_0,21,17,689,-5.342672476190477,-5.610612761904761,4
168,168,left,touch_0,21,18,690,-4.554252380952381,-5.601231809523808,4
169,169,left,touch_0,21,19,691,-3.765832285714287,-5.591850857142857,4
170,170,left,touch_0,21,20,692,-2.9774121904761905,-5.582469904761904,4
171,171,left,touch_0,21,21,693,-2.1889920952380946,-5.573088952380952,4
172,172,left,touch_0,21,22,694,-1.4005720000000002,-5.563707999999999,4
173,173,left,touch_0,22,15,719,-6.852134500000001,-6.385531,4
174,174,left,touch_0,22,16,720,-6.077748,-6.37145957142857,4
175,175,left,touch_0,22,17,721,-5.3033615,-6.357388142857142,4
176,176,left,touch_0,22,18,722,-4.528975,-6.343316714285713,4
177,177,left,touch_0,22,19,723,-3.7545885000000006,-6.329245285714285,4
178,178,left,touch_0,22,20,724,-2.980202,-6.315173857142857,4
179,179,left,touch_0,22,21,725,-2.2058155,-6.301102428571427,4
180,180,left,touch_0,22,22,726,-1.4314290000000003,-6.287031,4
181,181,left,touch_0,23,15,751,-6.784756333333334,-7.1416873333333335,4
182,182,left,touch_0,23,16,752,-6.0244034285714285,-7.122925428571428,4
183,183,left,touch_0,23,17,753,-5.264050523809523,-7.104163523809523,4
184,184,left,touch_0,23,18,754,-4.503697619047619,-7.085401619047619,4
185,185,left,touch_0,23,19,755,-3.743344714285714,-7.066639714285714,4
186,186,left,touch_0,23,20,756,-2.982991809523809,-7.047877809523809,4
187,187,left,touch_0,23,21,757,-2.2226389047619044,-7.029115904761903,4
188,188,left,touch_0,23,22,758,-1.462286,-7.0103539999999995,4
189,189,left,touch_0,24,15,783,-6.717378166666666,-7.897843666666665,4
190,190,left,touch_0,24,16,784,-5.971058857142857,-7.874391285714284,4
191,191,left,touch_0,24,17,785,-5.224739547619048,-7.850938904761904,4
192,192,left,touch_0,24,18,786,-4.4784202380952385,-7.827486523809522,4
193,193,left,touch_0,24,19,787,-3.7321009285714286,-7.804034142857142,4
194,194,left,touch_0,24,20,788,-2.9857816190476183,-7.78058176190476,4
195,195,left,touch_0,24,21,789,-2.2394623095238093,-7.75712938095238,4
196,196,left,touch_0,24,22,790,-1.493143,-7.733677,4
197,197,left,touch_0,25,15,815,-6.649999999999999,-8.654,5
198,198,left,touch_0,25,16,816,-5.932000000000003,-8.640142857142859,5
199,199,left,touch_0,25,17,817,-5.214000000000001,-8.626285714285714,5
200,200,left,touch_0,25,18,818,-4.4959999999999996,-8.612428571428572,5
201,201,left,touch_0,25,19,819,-3.7780000000000022,-8.59857142857143,5
202,202,left,touch_0,25,20,820,-3.0600000000000005,-8.584714285714288,5
203,203,left,touch_0,25,21,821,-2.3420000000000005,-8.570857142857143,5
204,204,left,touch_0,25,22,822,-1.6240000000000012,-8.556999999999999,5
205,205,left,touch_0,26,15,847,-6.362499999999997,-9.378,5
206,206,left,touch_0,26,16,848,-5.7317656428571455,-9.36782742857143,5
207,207,left,touch_0,26,17,849,-5.101031285714286,-9.357654857142856,5
208,208,left,touch_0,26,18,850,-4.470296928571427,-9.347482285714285,5
209,209,left,touch_0,26,19,851,-3.8395625714285724,-9.337309714285714,5
210,210,left,touch_0,26,20,852,-3.208828214285714,-9.327137142857143,5
211,211,left,touch_0,26,21,853,-2.578093857142857,-9.31696457142857,5
212,212,left,touch_0,26,22,854,-1.947359500000001,-9.306792,5
213,213,left,touch_0,27,15,879,-6.0749999999999975,-10.102,5
214,214,left,touch_0,27,16,880,-5.531531285714289,-10.095512,5
215,215,left,touch_0,27,17,881,-4.988062571428572,-10.089024,5
216,216,left,touch_0,27,18,882,-4.444593857142856,-10.082536,5
217,217,left,touch_0,27,19,883,-3.9011251428571447,-10.076048,5
218,218,left,touch_0,27,20,884,-3.3576564285714285,-10.06956,5
219,219,left,touch_0,27,21,885,-2.8141877142857137,-10.063072,5
220,220,left,touch_0,27,22,886,-2.270719000000001,-10.056584,5
221,221,left,touch_0,28,15,911,-5.787499999999998,-10.826000000000002,5
222,222,left,touch_0,28,16,912,-5.3312969285714304,-10.823196571428571,5
223,223,left,touch_0,28,17,913,-4.875093857142858,-10.820393142857144,5
224,224,left,touch_0,28,18,914,-4.418890785714283,-10.817589714285715,5
225,225,left,touch_0,28,19,915,-3.962687714285716,-10.814786285714288,5
226,226,left,touch_0,28,20,916,-3.5064846428571435,-10.81198285714286,5
227,227,left,touch_0,28,21,917,-3.050281571428572,-10.809179428571431,5
228,228,left,touch_0,28,22,918,-2.594078500000001,-10.806376,5
229,229,left,touch_0,29,15,943,-5.499999999999997,-11.550000000000002,5
230,230,left,touch_0,29,16,944,-5.131062571428573,-11.550881142857145,5
231,231,left,touch_0,29,17,945,-4.762125142857143,-11.551762285714288,5
232,232,left,touch_0,29,18,946,-4.3931877142857125,-11.552643428571429,5
233,233,left,touch_0,29,19,947,-4.024250285714287,-11.553524571428573,5
234,234,left,touch_0,29,20,948,-3.6553128571428575,-11.554405714285718,5
235,235,left,touch_0,29,21,949,-3.286375428571428,-11.555286857142857,5
236,236,left,touch_0,29,22,950,-2.917438000000001,-11.556168000000001,5
237,0,right,touch_1,2,8,72,-6.112152000000002,7.780984999999999,0
238,1,right,touch_1,2,9,73,-5.641883000000001,7.780984999999999,0
239,2,right,touch_1,2,10,74,-5.171614000000001,7.780984999999999,0
240,3,right,touch_1,2,11,75,-4.701345,7.780984999999999,0
241,4,right,touch_1,2,12,76,-4.231075999999999,7.780984999999999,0
242,5,right,touch_1,2,13,77,-3.7608070000000007,7.780984999999999,0
243,6,right,touch_1,2,14,78,-3.2905380000000006,7.780984999999999,0
244,7,right,touch_1,2,15,79,-2.8202689999999997,7.780984999999999,0
245,8,right,touch_1,2,16,80,-2.349999999999999,7.780984999999999,0
246,9,right,touch_1,3,8,104,-6.6933245,6.876859,0
247,10,right,touch_1,3,9,105,-6.090875499999999,6.876859,0
248,11,right,touch_1,3,10,106,-5.488426500000001,6.876859,0
249,12,right,touch_1,3,11,107,-4.885977499999999,6.876859,0
250,13,right,touch_1,3,12,108,-4.283528499999999,6.876859,0
251,14,right,touch_1,3,13,109,-3.6810795000000005,6.876859,0
252,15,right,touch_1,3,14,110,-3.0786305,6.876859,0
253,16,right,touch_1,3,15,111,-2.4761815,6.876859,0
254,17,right,touch_1,3,16,112,-1.8737325,6.876859,0
255,18,right,touch_1,4,8,136,-7.274496999999999,5.972733,1
256,19,right,touch_1,4,9,137,-6.539868,5.972733,1
257,20,right,touch_1,4,10,138,-5.805239,5.972733,1
258,21,right,touch_1,4,11,139,-5.070610000000001,5.972733,1
259,22,right,touch_1,4,12,140,-4.335981,5.972733,1
260,23,right,touch_1,4,13,141,-3.601352,5.972733,1
261,24,right,touch_1,4,14,142,-2.866723000000001,5.972733,1
262,25,right,touch_1,4,15,143,-2.132094,5.972733,1
263,26,right,touch_1,4,16,144,-1.3974650000000004,5.972733,1
264,27,right,touch_1,5,8,168,-7.449217,5.174721,1
265,28,right,touch_1,5,9,169,-6.667637000000001,5.174721,1
266,29,right,touch_1,5,10,170,-5.886057000000001,5.174721,1
267,30,right,touch_1,5,11,171,-5.104477,5.174721,1
268,31,right,touch_1,5,12,172,-4.322897,5.174721,1
269,32,right,touch_1,5,13,173,-3.5413170000000003,5.174721,1
270,33,right,touch_1,5,14,174,-2.7597370000000008,5.174721,1
271,34,right,touch_1,5,15,175,-1.978157,5.174721,1
272,35,right,touch_1,5,16,176,-1.196577,5.174721,1
273,36,right,touch_1,6,8,200,-7.623937,4.376708999999999,1
274,37,right,touch_1,6,9,201,-6.795406,4.376708999999999,1
275,38,right,touch_1,6,10,202,-5.966875000000002,4.376708999999999,1
276,39,right,touch_1,6,11,203,-5.138344000000001,4.376708999999999,1
277,40,right,touch_1,6,12,204,-4.309813,4.376708999999999,1
278,41,right,touch_1,6,13,205,-3.4812819999999998,4.376708999999999,1
279,42,right,touch_1,6,14,206,-2.652751,4.376708999999999,1
280,43,right,touch_1,6,15,207,-1.8242199999999993,4.376708999999999,1
281,44,right,touch_1,6,16,208,-0.9956889999999994,4.376708999999999,1
282,45,right,touch_1,7,8,232,-7.798656999999999,3.578697,2
283,46,right,touch_1,7,9,233,-6.923175,3.578697,2
284,47,right,touch_1,7,10,234,-6.047693000000001,3.578697,2
285,48,right,touch_1,7,11,235,-5.172211,3.578697,2
286,49,right,touch_1,7,12,236,-4.296729,3.578697,2
287,50,right,touch_1,7,13,237,-3.4212469999999993,3.578697,2
288,51,right,touch_1,7,14,238,-2.5457649999999994,3.578697,2
289,52,right,touch_1,7,15,239,-1.6702829999999995,3.578697,2
290,53,right,touch_1,7,16,240,-0.7948009999999995,3.578697,2
291,54,right,touch_1,8,8,264,-7.718992749999999,2.86402275,2
292,55,right,touch_1,8,9,265,-6.861443749999999,2.86402275,2
293,56,right,touch_1,8,10,266,-6.003894750000001,2.86402275,2
294,57,right,touch_1,8,11,267,-5.146345749999999,2.86402275,2
295,58,right,touch_1,8,12,268,-4.2887967499999995,2.86402275,2
296,59,right,touch_1,8,13,269,-3.4312477499999994,2.86402275,2
297,60,right,touch_1,8,14,270,-2.5736987499999993,2.86402275,2
298,61,right,touch_1,8,15,271,-1.7161497499999994,2.86402275,2
299,62,right,touch_1,8,16,272,-0.8586007499999995,2.86402275,2
300,63,right,touch_1,9,8,296,-7.6393285,2.1493485000000003,2
301,64,right,touch_1,9,9,297,-6.799712500000001,2.1493485000000003,2
302,65,right,touch_1,9,10,298,-5.960096500000001,2.1493485000000003,2
303,66,right,touch_1,9,11,299,-5.1204805,2.1493485000000003,2
304,67,right,touch_1,9,12,300,-4.280864500000001,2.1493485000000003,2
305,68,right,touch_1,9,13,301,-3.4412485,2.1493485000000003,2
306,69,right,touch_1,9,14,302,-2.6016324999999996,2.1493485000000003,2
307,70,right,touch_1,9,15,303,-1.7620164999999994,2.1493485000000003,2
308,71,right,touch_1,9,16,304,-0.9224004999999997,2.1493485000000003,2
309,72,right,touch_1,10,8,328,-7.559664249999999,1.4346742499999996,2
310,73,right,touch_1,10,9,329,-6.737981249999999,1.4346742499999996,2
311,74,right,touch_1,10,10,330,-5.91629825,1.4346742499999996,2
312,75,right,touch_1,10,11,331,-5.0946152499999995,1.4346742499999996,2
313,76,right,touch_1,10,12,332,-4.27293225,1.4346742499999996,2
314,77,right,touch_1,10,13,333,-3.4512492499999987,1.4346742499999996,2
315,78,right,touch_1,10,14,334,-2.6295662499999994,1.4346742499999996,2
316,79,right,touch_1,10,15,335,-1.8078832499999995,1.4346742499999996,2
317,80,right,touch_1,10,16,336,-0.9862002499999998,1.4346742499999996,2
318,81,right,touch_1,11,8,360,-7.480000000000001,0.72,3
319,82,right,touch_1,11,9,361,-6.6762500000000005,0.72,3
320,83,right,touch_1,11,10,362,-5.872500000000001,0.72,3
321,84,right,touch_1,11,11,363,-5.0687500000000005,0.72,3
322,85,right,touch_1,11,12,364,-4.265000000000001,0.72,3
323,86,right,touch_1,11,13,365,-3.4612500000000006,0.72,3
324,87,right,touch_1,11,14,366,-2.6574999999999998,0.72,3
325,88,right,touch_1,11,15,367,-1.8537500000000002,0.72,3
326,89,right,touch_1,11,16,368,-1.0499999999999998,0.72,3
327,90,right,touch_1,12,8,392,-7.409044833333334,-0.08617699999999995,3
328,91,right,touch_1,12,9,393,-6.620182104166667,-0.08617699999999995,3
329,92,right,touch_1,12,10,394,-5.8313193750000005,-0.08617699999999995,3
330,93,right,touch_1,12,11,395,-5.042456645833334,-0.08617699999999995,3
331,94,right,touch_1,12,12,396,-4.253593916666667,-0.08617699999999995,3
332,95,right,touch_1,12,13,397,-3.4647311875000004,-0.08617699999999995,3
333,96,right,touch_1,12,14,398,-2.6758684583333334,-0.08617699999999995,3
334,97,right,touch_1,12,15,399,-1.8870057291666669,-0.08617699999999995,3
335,98,right,touch_1,12,16,400,-1.0981429999999999,-0.08617699999999995,3
336,99,right,touch_1,13,8,424,-7.338089666666667,-0.892354,3
337,100,right,touch_1,13,9,425,-6.564114208333334,-0.892354,3
338,101,right,touch_1,13,10,426,-5.790138750000001,-0.892354,3
339,102,right,touch_1,13,11,427,-5.0161632916666665,-0.892354,3
340,103,right,touch_1,13,12,428,-4.242187833333334,-0.892354,3
341,104,right,touch_1,13,13,429,-3.4682123750000002,-0.892354,3
342,105,right,touch_1,13,14,430,-2.6942369166666666,-0.892354,3
343,106,right,touch_1,13,15,431,-1.9202614583333337,-0.892354,3
344,107,right,touch_1,13,16,432,-1.146286,-0.892354,3
345,108,right,touch_1,14,8,456,-7.2671345,-1.6985309999999998,3
346,109,right,touch_1,14,9,457,-6.5080463125,-1.6985309999999998,3
347,110,right,touch_1,14,10,458,-5.748958125,-1.6985309999999998,3
348,111,right,touch_1,14,11,459,-4.9898699375,-1.6985309999999998,3
349,112,right,touch_1,14,12,460,-4.23078175,-1.6985309999999998,3
350,113,right,touch_1,14,13,461,-3.4716935625000005,-1.6985309999999998,3
351,114,right,touch_1,14,14,462,-2.712605375,-1.6985309999999998,3
352,115,right,touch_1,14,15,463,-1.9535171875000006,-1.6985309999999998,3
353,116,right,touch_1,14,16,464,-1.194429,-1.6985309999999998,3
354,117,right,touch_1,15,8,488,-7.196179333333333,-2.504708,3
355,118,right,touch_1,15,9,489,-6.451978416666666,-2.504708,3
356,119,right,touch_1,15,10,490,-5.7077775,-2.504708,3
357,120,right,touch_1,15,11,491,-4.963576583333334,-2.504708,3
358,121,right,touch_1,15,12,492,-4.219375666666667,-2.504708,3
359,122,right,touch_1,15,13,493,-3.4751747500000003,-2.504708,3
360,123,right,touch_1,15,14,494,-2.730973833333333,-2.504708,3
361,124,right,touch_1,15,15,495,-1.986772916666667,-2.504708,3
362,125,right,touch_1,15,16,496,-1.2425720000000002,-2.504708,3
363,126,right,touch_1,16,8,520,-7.1252241666666665,-3.3108850000000003,3
364,127,right,touch_1,16,9,521,-6.395910520833333,-3.3108850000000003,3
365,128,right,touch_1,16,10,522,-5.666596875,-3.3108850000000003,3
366,129,right,touch_1,16,11,523,-4.937283229166667,-3.3108850000000003,3
367,130,right,touch_1,16,12,524,-4.207969583333333,-3.3108850000000003,3
368,131,right,touch_1,16,13,525,-3.4786559375,-3.3108850000000003,3
369,132,right,touch_1,16,14,526,-2.7493422916666663,-3.3108850000000003,3
370,133,right,touch_1,16,15,527,-2.020028645833334,-3.3108850000000003,3
371,134,right,touch_1,16,16,528,-1.290715,-3.3108850000000003,3
372,135,right,touch_1,17,8,552,-7.054268999999999,-4.117062,4
373,136,right,touch_1,17,9,553,-6.339842624999998,-4.117062,4
374,137,right,touch_1,17,10,554,-5.625416250000001,-4.117062,4
375,138,right,touch_1,17,11,555,-4.910989875,-4.117062,4
376,139,right,touch_1,17,12,556,-4.196563500000001,-4.117062000000001,4
377,140,right,touch_1,17,13,557,-3.4821371250000004,-4.117062,4
378,141,right,touch_1,17,14,558,-2.76771075,-4.117062000000001,4
379,142,right,touch_1,17,15,559,-2.0532843750000005,-4.117062,4
380,143,right,touch_1,17,16,560,-1.3388580000000003,-4.117062,4
381,144,right,touch_1,18,8,584,-6.9734152,-5.024449599999999,4
382,145,right,touch_1,18,9,585,-6.273724099999998,-5.019524599999999,4
383,146,right,touch_1,18,10,586,-5.574033,-5.0145995999999995,4
384,147,right,touch_1,18,11,587,-4.874341900000001,-5.009674599999999,4
385,148,right,touch_1,18,12,588,-4.1746508,-5.004749599999999,4
386,149,right,touch_1,18,13,589,-3.4749597000000003,-4.9998246,4
387,150,right,touch_1,18,14,590,-2.7752685999999995,-4.994899599999999,4
388,151,right,touch_1,18,15,591,-2.0755775000000005,-4.989974599999999,4
389,152,right,touch_1,18,16,592,-1.3758864000000002,-4.9850496,4
390,153,right,touch_1,19,8,616,-6.8925614,-5.9318372,4
391,154,right,touch_1,19,9,617,-6.207605574999999,-5.9219872,4
392,155,right,touch_1,19,10,618,-5.52264975,-5.9121372,4
393,156,right,touch_1,19,11,619,-4.837693925000001,-5.902287200000001,4
394,157,right,touch_1,19,12,620,-4.1527381000000005,-5.892437200000001,4
395,158,right,touch_1,19,13,621,-3.4677822750000002,-5.8825872,4
396,159,right,touch_1,19,14,622,-2.7828264500000004,-5.8727372,4
397,160,right,touch_1,19,15,623,-2.097870625,-5.8628872,4
398,161,right,touch_1,19,16,624,-1.4129148,-5.853037199999999,4
399,162,right,touch_1,20,8,648,-6.811707599999999,-6.839224799999999,4
400,163,right,touch_1,20,9,649,-6.1414870499999985,-6.824449799999998,4
401,164,right,touch_1,20,10,650,-5.4712665000000005,-6.809674799999999,4
402,165,right,touch_1,20,11,651,-4.801045950000001,-6.794899799999999,4
403,166,right,touch_1,20,12,652,-4.130825400000001,-6.7801247999999985,4
404,167,right,touch_1,20,13,653,-3.4606048500000006,-6.765349799999998,4
405,168,right,touch_1,20,14,654,-2.7903843,-6.750574799999999,4
406,169,right,touch_1,20,15,655,-2.1201637499999997,-6.735799799999999,4
407,170,right,touch_1,20,16,656,-1.4499432,-6.7210247999999995,4
408,171,right,touch_1,21,8,680,-6.730853799999999,-7.7466124,4
409,172,right,touch_1,21,9,681,-6.075368524999999,-7.7269124,4
410,173,right,touch_1,21,10,682,-5.419883250000001,-7.7072124,4
411,174,right,touch_1,21,11,683,-4.7643979750000005,-7.6875124,4
412,175,right,touch_1,21,12,684,-4.1089127,-7.667812400000002,4
413,176,right,touch_1,21,13,685,-3.4534274250000006,-7.648112400000001,4
414,177,right,touch_1,21,14,686,-2.79794215,-7.628412400000001,4
415,178,right,touch_1,21,15,687,-2.142456875,-7.608712400000001,4
416,179,right,touch_1,21,16,688,-1.4869716000000002,-7.589012400000001,4
417,180,right,touch_1,22,8,712,-6.649999999999999,-8.654,5
418,181,right,touch_1,22,9,713,-6.021750000000001,-8.641875,5
419,182,right,touch_1,22,10,714,-5.3934999999999995,-8.62975,5
420,183,right,touch_1,22,11,715,-4.76525,-8.617625,5
421,184,right,touch_1,22,12,716,-4.137,-8.605500000000001,5
422,185,right,touch_1,22,13,717,-3.5087499999999996,-8.593375,5
423,186,right,touch_1,22,14,718,-2.8805,-8.58125,5
424,187,right,touch_1,22,15,719,-2.25225,-8.569125000000001,5
425,188,right,touch_1,22,16,720,-1.6240000000000012,-8.556999999999999,5
426,189,right,touch_1,23,8,744,-6.266666666666665,-9.619333333333332,5
427,190,right,touch_1,23,9,745,-5.740226583333334,-9.611507,5
428,191,right,touch_1,23,10,746,-5.213786499999999,-9.603680666666664,5
429,192,right,touch_1,23,11,747,-4.687346416666667,-9.595854333333333,5
430,193,right,touch_1,23,12,748,-4.160906333333333,-9.588028,5
431,194,right,touch_1,23,13,749,-3.6344662499999996,-9.580201666666667,5
432,195,right,touch_1,23,14,750,-3.1080261666666664,-9.572375333333333,5
433,196,right,touch_1,23,15,751,-2.5815860833333333,-9.564549,5
434,197,right,touch_1,23,16,752,-2.055146000000001,-9.556722666666667,5
435,198,right,touch_1,24,8,776,-5.883333333333331,-10.584666666666667,5
436,199,right,touch_1,24,9,777,-5.458703166666667,-10.581139,5
437,200,right,touch_1,24,10,778,-5.034073,-10.577611333333335,5
438,201,right,touch_1,24,11,779,-4.6094428333333335,-10.574083666666668,5
439,202,right,touch_1,24,12,780,-4.184812666666666,-10.570556,5
440,203,right,touch_1,24,13,781,-3.7601824999999995,-10.567028333333333,5
441,204,right,touch_1,24,14,782,-3.3355523333333332,-10.563500666666666,5
442,205,right,touch_1,24,15,783,-2.9109221666666665,-10.559973000000001,5
443,206,right,touch_1,24,16,784,-2.4862920000000006,-10.556445333333333,5
444,207,right,touch_1,25,8,808,-5.499999999999997,-11.550000000000002,5
445,208,right,touch_1,25,9,809,-5.177179749999998,-11.550771000000003,5
446,209,right,touch_1,25,10,810,-4.854359499999999,-11.551542000000001,5
447,210,right,touch_1,25,11,811,-4.53153925,-11.552313000000002,5
448,211,right,touch_1,25,12,812,-4.208718999999999,-11.553084000000002,5
449,212,right,touch_1,25,13,813,-3.8858987499999986,-11.553855000000002,5
450,213,right,touch_1,25,14,814,-3.5630785000000005,-11.554626000000003,5
451,214,right,touch_1,25,15,815,-3.24025825,-11.555397000000001,5
452,215,right,touch_1,25,16,816,-2.917438000000001,-11.556168000000001,5
